Flight No.,Launch site,Payload,Payload mass,Orbit,Customer,Launch outcome,Version Booster,Launch Site,Booster landing,Date,Time
1,,Dragon Spacecraft Qualification Unit,0,LEO,SpaceX,"Success
",F9 v1.0B0003.1,CCAFS,Failure,4 June 2010,18:45
2,,Dragon,0,LEO,NASA,Success,F9 v1.0B0004.1,CCAFS,Failure,8 December 2010,15:43
3,,Dragon,525 kg,LEO,NASA,Success,F9 v1.0B0005.1,CCAFS,"No attempt
",22 May 2012,07:44
4,,SpaceX CRS-1,"4,700 kg",LEO,NASA,"Success
",F9 v1.0B0006.1,CCAFS,No attempt,8 October 2012,00:35
5,,SpaceX CRS-2,"4,877 kg",LEO,NASA,"Success
",F9 v1.0B0007.1,CCAFS,"No attempt
",1 March 2013,15:10
6,,CASSIOPE,500 kg,Polar orbit,MDA,Success,F9 v1.1B1003,VAFB,Uncontrolled,29 September 2013,16:00
7,,SES-8,"3,170 kg",GTO,SES,Success,F9 v1.1,CCAFS,No attempt,3 December 2013,22:41
8,,Thaicom 6,"3,325 kg",GTO,Thaicom,Success,F9 v1.1,CCAFS,No attempt,6 January 2014,22:06
9,,SpaceX CRS-3,"2,296 kg",LEO,NASA,"Success
",F9 v1.1,Cape Canaveral,Controlled,18 April 2014,19:25
10,,Orbcomm-OG2,"1,316 kg",LEO,Orbcomm,Success,F9 v1.1,Cape Canaveral,Controlled,14 July 2014,15:15
11,,AsiaSat 8,"4,535 kg",GTO,AsiaSat,Success,F9 v1.1,Cape Canaveral,No attempt,5 August 2014,08:00
12,,AsiaSat 6,"4,428 kg",GTO,AsiaSat,Success,F9 v1.1,Cape Canaveral,"No attempt
",7 September 2014,05:00
13,,SpaceX CRS-4,"2,216 kg",LEO,NASA,Success,F9 v1.1,Cape Canaveral,Uncontrolled,21 September 2014,05:52
14,,SpaceX CRS-5,"2,395 kg",LEO,NASA,Success,F9 v1.1,Cape Canaveral,Failure ,10 January 2015,09:47
15,,DSCOVR,570 kg,HEO,USAF,"Success
",F9 v1.1,Cape Canaveral,Controlled,11 February 2015,23:03
16,,ABS-3A,"4,159 kg",GTO,ABS,"Success
",F9 v1.1,Cape Canaveral,No attempt,2 March 2015,03:50
17,,SpaceX CRS-6,"1,898 kg",LEO,NASA,"Success
",F9 v1.1,Cape Canaveral,Failure,14 April 2015,20:10
18,,TürkmenÄlem 52°E / MonacoSAT,"4,707 kg",GTO,,"Success
",F9 v1.1,Cape Canaveral,No attempt,27 April 2015,23:03
19,,SpaceX CRS-7,"1,952 kg",LEO,NASA,Failure,F9 v1.1,Cape Canaveral,Precluded,28 June 2015,14:21
20,,Orbcomm-OG2,"2,034 kg",LEO,Orbcomm,"Success
",F9 FT,Cape Canaveral,Success,22 December 2015,01:29
21,,Jason-3,553 kg,LEO,NASA,"Success
",F9 v1.1,VAFB,Failure,17 January 2016,18:42
22,,SES-9,"5,271 kg",GTO,SES,"Success
",F9 FT,Cape Canaveral,Failure,4 March 2016,23:35
23,,SpaceX CRS-8,"3,136 kg",LEO,NASA,Success,F9 FT,Cape Canaveral,Success,8 April 2016,20:43
24,,JCSAT-14,"4,696 kg",GTO,SKY Perfect JSAT Group,"Success
",F9 FT,Cape Canaveral,Success,6 May 2016,05:21
25,,Thaicom 8,"3,100 kg",GTO,Thaicom,"Success
",F9 FT,Cape Canaveral,Success,27 May 2016,21:39
26,,ABS-2A,"3,600 kg",GTO,ABS,"Success
",F9 FT,Cape Canaveral,Failure,15 June 2016,14:29
27,,SpaceX CRS-9,"2,257 kg",LEO,NASA,"Success
",F9 FT,Cape Canaveral,Success,18 July 2016,04:45
28,,JCSAT-16,"4,600 kg",GTO,SKY Perfect JSAT Group,"Success
",F9 FT,Cape Canaveral,Success,14 August 2016,05:26
29,,Iridium NEXT,"9,600 kg",Polar,Iridium Communications,"Success
",F9 FT,VAFB,Success,14 January 2017,17:54
30,,SpaceX CRS-10,"2,490 kg",LEO,NASA,"Success
",F9 FT,KSC,Success,19 February 2017,14:39
31,,EchoStar 23,"5,600 kg",GTO,EchoStar,"Success
",F9 FT,KSC,No attempt,16 March 2017,06:00
32,,SES-10,"5,300 kg",GTO,SES,Success,F9 FT♺,KSC,Success,30 March 2017,22:27
33,,NROL-76,C,LEO,NRO,"Success
",F9 FT,KSC,Success,1 May 2017,11:15
34,,Inmarsat-5 F4,"6,070 kg",GTO,Inmarsat,"Success
",F9 FT,KSC,No attempt,15 May 2017,23:21
35,,SpaceX CRS-11,"2,708 kg",LEO,NASA,"Success
",F9 FT,KSC,Success,3 June 2017,21:07
36,,BulgariaSat-1,"3,669 kg",GTO,Bulsatcom,"Success
",F9 FTB1029.2,KSC,Success,23 June 2017,19:10
37,,Iridium NEXT,"9,600 kg",LEO,Iridium Communications,"Success
",F9 FT,VAFB,Success,25 June 2017,20:25
38,,Intelsat 35e,"6,761 kg",GTO,Intelsat,"Success
",F9 FT,KSC,No attempt,5 July 2017,23:38
39,,SpaceX CRS-12,"3,310 kg",LEO,NASA,"Success
",F9 B4,KSC,Success,14 August 2017,16:31
40,,Formosat-5,475 kg,SSO,NSPO,"Success
",F9 FT,VAFB,Success,24 August 2017,18:51
41,,Boeing X-37B,"4,990 kg",LEO,USAF,"Success
",F9 B4,KSC,Success,7 September 2017,14:00
42,,Iridium NEXT,"9,600 kg",Polar,Iridium Communications,"Success
",F9 B4,VAFB,Success,9 October 2017,12:37
43,,SES-11,"5,200 kg",GTO,SES S.A.,"Success
",F9 FTB1031.2,KSC,Success,11 October 2017,22:53:00
44,,Koreasat 5A,"3,500 kg",GTO,KT Corporation,"Success
",F9 B4,KSC,Success,30 October 2017,19:34
45,,SpaceX CRS-13,"2,205 kg",LEO,NASA,"Success
",F9 FTB1035.2,Cape Canaveral,Success,15 December 2017,15:36
46,,Iridium NEXT,"9,600 kg",Polar,Iridium Communications,Success,F9 FTB1036.2,VAFB,Controlled,23 December 2017,01:27
47,,Zuma,C,LEO,Northrop Grumman,Success,F9 B4,CCAFS,Success,8 January 2018,01:00
48,,GovSat-1,"4,230 kg",GTO,SES,Success,F9 FTB1032.2,CCAFS,Controlled,31 January 2018,21:25
49,,Paz,"2,150 kg",SSO,Hisdesat,Success,F9 FTB1038.2,VAFB,No attempt,22 February 2018,14:17
50,,Hispasat 30W-6,"6,092 kg",GTO,Hispasat,Success,F9 B4,CCAFS,No attempt,6 March 2018,05:33
51,,Iridium NEXT,"9,600 kg",Polar,Iridium Communications,Success,F9 B4B1041.2,VAFB,No attempt,30 March 2018,14:14
52,,SpaceX CRS-14,"2,647 kg",LEO,NASA,Success,F9 B4B1039.2,CCAFS,No attempt,2 April 2018,20:30
53,,Transiting Exoplanet Survey Satellite,362 kg,HEO,NASA,Success,F9 B4,CCAFS,Success,18 April 2018,22:51
54,,Bangabandhu-1,"3,600 kg",GTO,Thales-Alenia,Success,F9 B5B1046.1,KSC,Success,11 May 2018,20:14
55,,Iridium NEXT,"6,460 kg",Polar,Iridium Communications,Success,F9 B4B1043.2,VAFB,No attempt,22 May 2018,19:47
56,,SES-12,"5,384 kg",GTO,SES,Success,F9 B4B1040.2,CCAFS,No attempt,4 June 2018,04:45
57,,SpaceX CRS-15,"2,697 kg",LEO,NASA,Success,F9 B4B1045.2,CCAFS,No attempt,29 June 2018,09:42
58,,Telstar 19V,"7,075 kg",GTO,Telesat,Success,F9 B5,CCAFS,Success,22 July 2018,05:50
59,,Iridium NEXT,"9,600 kg",Polar,Iridium Communications,Success,F9 B5B1048,VAFB,Success,25 July 2018,11:39
60,,Merah Putih,"5,800 kg",GTO,Telkom Indonesia,Success,F9 B5B1046.2,CCAFS,Success,7 August 2018,05:18
61,,Telstar 18V,"7,060 kg",GTO,Telesat,Success,F9 B5,CCAFS,Success,10 September 2018,04:45
62,,SAOCOM 1A,"3,000 kg",SSO,CONAE,Success,F9 B5B1048.2,VAFB,Success,8 October 2018,02:22
63,,Es'hail 2,"5,300 kg",GTO,Es'hailSat,Success,F9 B5B1047.2,KSC,Success,15 November 2018,20:46
64,,SSO-A,"~4,000 kg",SSO,Spaceflight Industries,Success,F9 B5B1046.3,VAFB,Success,3 December 2018,18:34:05
65,,SpaceX CRS-16,"2,500 kg",LEO,NASA,"Success
",F9 B5,CCAFS,Failure,5 December 2018,18:16
66,,GPS III,"4,400 kg",MEO,USAF,Success,F9 B5,CCAFS,No attempt,23 December 2018,13:51
67,,Iridium NEXT,"9,600 kg",Polar,Iridium Communications,"Success
",F9 B5B1049.2,VAFB,Success,11 January 2019,15:31
68,,Nusantara Satu,"4,850 kg",GTO,PSN,"Success
",F9 B5B1048.3,CCAFS,Success,22 February 2019,01:45
69,,Crew Dragon Demo-1,"12,055 kg",LEO,NASA,"Success
",F9 B5[268],KSC,Success,2 March 2019,07:49
70,,SpaceX CRS-17,"2,495 kg",LEO,NASA,"Success
",F9 B5,CCAFS,Success,4 May 2019,06:48
71,,Starlink,"13,620 kg",LEO,SpaceX,"Success
",F9 B5B1049.3,CCAFS,Success,24 May 2019,02:30
72,,RADARSAT Constellation,"4,200 kg",SSO,Canadian Space Agency,"Success
",F9 B5B1051.2,VAFB,Success,12 June 2019,14:17
73,,SpaceX CRS-18,"2,268 kg",LEO,NASA,"Success
",F9 B5B1056.2,CCAFS,Success,25 July 2019,22:01
74,,AMOS-17,"6,500 kg",GTO,Spacecom,"Success
",F9 B5B1047.3,CCAFS,No attempt,6 August 2019,23:23
75,,Starlink,"15,600 kg",LEO,SpaceX,"Success
",F9 B5,CCAFS,Success,11 November 2019,14:56
76,,SpaceX CRS-19,"2,617 kg",LEO,NASA,"Success
",F9 B5,CCAFS,Success,5 December 2019,17:29
77,,JCSat-18,"6,956 kg",GTO,Sky Perfect JSAT,"Success
",F9 B5B1056.3,CCAFS,Success,17 December 2019,00:10
78,,Starlink,"15,600 kg",LEO,SpaceX,"Success
",F9 B5,CCAFS,Success,7 January 2020,02:19:21
79,,Crew Dragon in-flight abort test,"12,050 kg",Sub-orbital,NASA,"Success
",F9 B5,KSC,"No attempt
",19 January 2020,15:30
80,,Starlink,"15,600 kg",LEO,SpaceX,"Success
",F9 B5,CCAFS,Success,29 January 2020,14:07
81,,Starlink,"15,600 kg",LEO,SpaceX,"Success
",F9 B5,CCAFS,Failure,17 February 2020,15:05
82,,SpaceX CRS-20,"1,977 kg",LEO,NASA,"Success
",F9 B5,CCAFS,Success,7 March 2020,04:50
83,,Starlink,"15,600 kg",LEO,SpaceX,"Success
",F9 B5,KSC,Failure,18 March 2020,12:16
84,,Starlink,"15,600 kg",LEO,SpaceX,"Success
",F9 B5,KSC,Success,22 April 2020,19:30
85,,Crew Dragon Demo-2,"12,530 kg",LEO,NASA,"Success
",F9 B5,KSC,Success,30 May 2020,19:22
86,,Starlink,"15,600 kg",LEO,SpaceX,"Success
",F9 B5,CCAFS,Success,4 June 2020,01:25
87,,Starlink,"15,410 kg",LEO,SpaceX,"Success
",F9 B5,CCAFS,Success,13 June 2020,09:21
88,,GPS III,"4,311 kg",MEO,U.S. Space Force,"Success
",F9 B5,CCAFS,Success,30 June 2020,20:10:46
89,,ANASIS-II,"5,000–6,000 kg",GTO,Republic of Korea Army,"Success
",F9 B5B1058.2,CCAFS,Success,20 July 2020,21:30
90,,Starlink,"14,932 kg",LEO,SpaceX,"Success
",F9 B5,KSC,Success,7 August 2020,05:12
91,,Starlink,"~15,440 kg",LEO,SpaceX,"Success
",F9 B5B1049.6,CCAFS,Success,18 August 2020,14:31
92,,SAOCOM 1B,"3,130 kg",SSO,CONAE,"Success
",F9 B5,CCAFS,Success,30 August 2020,23:18
93,,Starlink,"15,600 kg",LEO,SpaceX,"Success
",F9 B5B1060.2,KSC,Success,3 September 2020,12:46:14
94,,Starlink,"15,600 kg",LEO,SpaceX,"Success
",F9 B5B1058.3,KSC,Success,6 October 2020,11:29:34
95,,Starlink,"15,600 kg",LEO,SpaceX,"Success
",F9 B5B1051.6,KSC,Success,18 October 2020,12:25:57
96,,Starlink,"15,600 kg",LEO,SpaceX,"Success
",F9 B5,CCAFS,Success,24 October 2020,15:31:34
97,,GPS III,"4,311 kg",MEO,USSF,"Success
",F9 B5,CCAFS,Success,5 November 2020,23:24:23
98,,Crew-1,"~12,500 kg",LEO,NASA,"Success
",F9 B5,KSC,Success,16 November 2020,00:27
99,,Sentinel-6 Michael Freilich (Jason-CS A),"1,192 kg",LEO,NASA,"Success
",F9 B5,VAFB,Success,21 November 2020,17:17:08
100,,Starlink,"15,600 kg",LEO,SpaceX,"Success
",F9 B5 ♺,CCAFS,Success,25 November 2020,02:13
101,,SpaceX CRS-21,"2,972 kg",LEO,NASA,"Success
",F9 B5 ♺,KSC,Success,6 December 2020,16:17:08
102,,SXM-7,"7,000 kg",GTO,Sirius XM,"Success
",F9 B5 ♺,CCSFS,Success,13 December 2020,17:30:00
103,,NROL-108,C,LEO,NRO,"Success
",F9 B5 ♺,KSC,Success,19 December 2020,14:00:00
104,,Türksat 5A,"3,500 kg",GTO,Türksat,"Success
",F9 B5,CCSFS,Success,8 January 2021,02:15
105,,Starlink,"15,600 kg",LEO,SpaceX,"Success
",F9 B5B1051.8,KSC,Success,20 January 2021,13:02
106,,Transporter-1,"~5,000 kg",SSO,SpaceX,"Success
",F9 B5B1058.5,CCSFS,Failure,24 January 2021,15:00
1,,Dragon Spacecraft Qualification Unit,0,LEO,NASA,Success,F9 v1.0B0003.1,CCAFS,Failure,4 June 2010,18:45
2,,Dragon,0,LEO,NASA,Success,F9 v1.0B0004.1,CCAFS,"No attempt
",8 December 2010,15:43
3,,Dragon,525 kg,LEO,NASA,"Success
",F9 v1.0B0005.1,CCAFS,No attempt,22 May 2012,07:44
4,,SpaceX CRS-1,"4,700 kg",LEO,NASA,"Success
",F9 v1.0B0006.1,CCAFS,"No attempt
",8 October 2012,00:35
5,,SpaceX CRS-2,"4,877 kg",LEO,MDA,Success,F9 v1.0B0007.1,CCAFS,Uncontrolled,1 March 2013,15:10
6,,CASSIOPE,500 kg,Polar orbit,SES,Success,F9 v1.1B1003,VAFB,No attempt,29 September 2013,16:00
7,,SES-8,"3,170 kg",GTO,Thaicom,Success,F9 v1.1,CCAFS,No attempt,3 December 2013,22:41
8,,Thaicom 6,"3,325 kg",GTO,NASA,"Success
",F9 v1.1,CCAFS,Controlled,6 January 2014,22:06
9,,SpaceX CRS-3,"2,296 kg",LEO,Orbcomm,Success,F9 v1.1,Cape Canaveral,Controlled,18 April 2014,19:25
10,,Orbcomm-OG2,"1,316 kg",LEO,AsiaSat,Success,F9 v1.1,Cape Canaveral,No attempt,14 July 2014,15:15
11,,AsiaSat 8,"4,535 kg",GTO,AsiaSat,Success,F9 v1.1,Cape Canaveral,"No attempt
",5 August 2014,08:00
12,,AsiaSat 6,"4,428 kg",GTO,NASA,Success,F9 v1.1,Cape Canaveral,Uncontrolled,7 September 2014,05:00
13,,SpaceX CRS-4,"2,216 kg",LEO,NASA,Success,F9 v1.1,Cape Canaveral,Failure ,21 September 2014,05:52
14,,SpaceX CRS-5,"2,395 kg",LEO,USAF,"Success
",F9 v1.1,Cape Canaveral,Controlled,10 January 2015,09:47
15,,DSCOVR,570 kg,HEO,ABS,"Success
",F9 v1.1,Cape Canaveral,No attempt,11 February 2015,23:03
16,,ABS-3A,"4,159 kg",GTO,NASA,"Success
",F9 v1.1,Cape Canaveral,Failure,2 March 2015,03:50
17,,SpaceX CRS-6,"1,898 kg",LEO,,"Success
",F9 v1.1,Cape Canaveral,No attempt,14 April 2015,20:10
18,,TürkmenÄlem 52°E / MonacoSAT,"4,707 kg",GTO,NASA,Failure,F9 v1.1,Cape Canaveral,Precluded,27 April 2015,23:03
19,,SpaceX CRS-7,"1,952 kg",LEO,Orbcomm,"Success
",F9 v1.1,Cape Canaveral,Success,28 June 2015,14:21
20,,Orbcomm-OG2,"2,034 kg",LEO,NASA,"Success
",F9 FT,Cape Canaveral,Failure,22 December 2015,01:29
21,,Jason-3,553 kg,LEO,SES,"Success
",F9 v1.1,VAFB,Failure,17 January 2016,18:42
22,,SES-9,"5,271 kg",GTO,NASA,Success,F9 FT,Cape Canaveral,Success,4 March 2016,23:35
23,,SpaceX CRS-8,"3,136 kg",LEO,SKY Perfect JSAT Group,"Success
",F9 FT,Cape Canaveral,Success,8 April 2016,20:43
24,,JCSAT-14,"4,696 kg",GTO,Thaicom,"Success
",F9 FT,Cape Canaveral,Success,6 May 2016,05:21
25,,Thaicom 8,"3,100 kg",GTO,ABS,"Success
",F9 FT,Cape Canaveral,Failure,27 May 2016,21:39
26,,ABS-2A,"3,600 kg",GTO,NASA,"Success
",F9 FT,Cape Canaveral,Success,15 June 2016,14:29
27,,SpaceX CRS-9,"2,257 kg",LEO,SKY Perfect JSAT Group,"Success
",F9 FT,Cape Canaveral,Success,18 July 2016,04:45
28,,JCSAT-16,"4,600 kg",GTO,Iridium Communications,"Success
",F9 FT,Cape Canaveral,Success,14 August 2016,05:26
29,,Iridium NEXT,"9,600 kg",Polar,NASA,"Success
",F9 FT,VAFB,Success,14 January 2017,17:54
30,,SpaceX CRS-10,"2,490 kg",LEO,EchoStar,"Success
",F9 FT,KSC,No attempt,19 February 2017,14:39
31,,EchoStar 23,"5,600 kg",GTO,SES,Success,F9 FT,KSC,Success,16 March 2017,06:00
32,,SES-10,"5,300 kg",GTO,NRO,"Success
",F9 FT♺,KSC,Success,30 March 2017,22:27
33,,NROL-76,C,LEO,Inmarsat,"Success
",F9 FT,KSC,No attempt,1 May 2017,11:15
34,,Inmarsat-5 F4,"6,070 kg",GTO,NASA,"Success
",F9 FT,KSC,Success,15 May 2017,23:21
35,,SpaceX CRS-11,"2,708 kg",LEO,Bulsatcom,"Success
",F9 FT,KSC,Success,3 June 2017,21:07
36,,BulgariaSat-1,"3,669 kg",GTO,Iridium Communications,"Success
",F9 FTB1029.2,KSC,Success,23 June 2017,19:10
37,,Iridium NEXT,"9,600 kg",LEO,Intelsat,"Success
",F9 FT,VAFB,No attempt,25 June 2017,20:25
38,,Intelsat 35e,"6,761 kg",GTO,NASA,"Success
",F9 FT,KSC,Success,5 July 2017,23:38
39,,SpaceX CRS-12,"3,310 kg",LEO,NSPO,"Success
",F9 B4,KSC,Success,14 August 2017,16:31
40,,Formosat-5,475 kg,SSO,USAF,"Success
",F9 FT,VAFB,Success,24 August 2017,18:51
41,,Boeing X-37B,"4,990 kg",LEO,Iridium Communications,"Success
",F9 B4,KSC,Success,7 September 2017,14:00
42,,Iridium NEXT,"9,600 kg",Polar,SES S.A.,"Success
",F9 B4,VAFB,Success,9 October 2017,12:37
43,,SES-11,"5,200 kg",GTO,KT Corporation,"Success
",F9 FTB1031.2,KSC,Success,11 October 2017,22:53:00
44,,Koreasat 5A,"3,500 kg",GTO,NASA,"Success
",F9 B4,KSC,Success,30 October 2017,19:34
45,,SpaceX CRS-13,"2,205 kg",LEO,Iridium Communications,Success,F9 FTB1035.2,Cape Canaveral,Controlled,15 December 2017,15:36
46,,Iridium NEXT,"9,600 kg",Polar,Northrop Grumman,Success,F9 FTB1036.2,VAFB,Success,23 December 2017,01:27
47,,Zuma,C,LEO,SES,Success,F9 B4,CCAFS,Controlled,8 January 2018,01:00
48,,GovSat-1,"4,230 kg",GTO,Hisdesat,Success,F9 FTB1032.2,CCAFS,No attempt,31 January 2018,21:25
49,,Paz,"2,150 kg",SSO,Hispasat,Success,F9 FTB1038.2,VAFB,No attempt,22 February 2018,14:17
50,,Hispasat 30W-6,"6,092 kg",GTO,Iridium Communications,Success,F9 B4,CCAFS,No attempt,6 March 2018,05:33
51,,Iridium NEXT,"9,600 kg",Polar,NASA,Success,F9 B4B1041.2,VAFB,No attempt,30 March 2018,14:14
52,,SpaceX CRS-14,"2,647 kg",LEO,NASA,Success,F9 B4B1039.2,CCAFS,Success,2 April 2018,20:30
53,,Transiting Exoplanet Survey Satellite,362 kg,HEO,Thales-Alenia,Success,F9 B4,CCAFS,Success,18 April 2018,22:51
54,,Bangabandhu-1,"3,600 kg",GTO,Iridium Communications,Success,F9 B5B1046.1,KSC,No attempt,11 May 2018,20:14
55,,Iridium NEXT,"6,460 kg",Polar,SES,Success,F9 B4B1043.2,VAFB,No attempt,22 May 2018,19:47
56,,SES-12,"5,384 kg",GTO,NASA,Success,F9 B4B1040.2,CCAFS,No attempt,4 June 2018,04:45
57,,SpaceX CRS-15,"2,697 kg",LEO,Telesat,Success,F9 B4B1045.2,CCAFS,Success,29 June 2018,09:42
58,,Telstar 19V,"7,075 kg",GTO,Iridium Communications,Success,F9 B5,CCAFS,Success,22 July 2018,05:50
59,,Iridium NEXT,"9,600 kg",Polar,Telkom Indonesia,Success,F9 B5B1048,VAFB,Success,25 July 2018,11:39
60,,Merah Putih,"5,800 kg",GTO,Telesat,Success,F9 B5B1046.2,CCAFS,Success,7 August 2018,05:18
61,,Telstar 18V,"7,060 kg",GTO,CONAE,Success,F9 B5,CCAFS,Success,10 September 2018,04:45
62,,SAOCOM 1A,"3,000 kg",SSO,Es'hailSat,Success,F9 B5B1048.2,VAFB,Success,8 October 2018,02:22
63,,Es'hail 2,"5,300 kg",GTO,Spaceflight Industries,Success,F9 B5B1047.2,KSC,Success,15 November 2018,20:46
64,,SSO-A,"~4,000 kg",SSO,NASA,"Success
",F9 B5B1046.3,VAFB,Failure,3 December 2018,18:34:05
65,,SpaceX CRS-16,"2,500 kg",LEO,USAF,Success,F9 B5,CCAFS,No attempt,5 December 2018,18:16
66,,GPS III,"4,400 kg",MEO,Iridium Communications,"Success
",F9 B5,CCAFS,Success,23 December 2018,13:51
67,,Iridium NEXT,"9,600 kg",Polar,PSN,"Success
",F9 B5B1049.2,VAFB,Success,11 January 2019,15:31
68,,Nusantara Satu,"4,850 kg",GTO,NASA,"Success
",F9 B5B1048.3,CCAFS,Success,22 February 2019,01:45
69,,Crew Dragon Demo-1,"12,055 kg",LEO,NASA,"Success
",F9 B5[268],KSC,Success,2 March 2019,07:49
70,,SpaceX CRS-17,"2,495 kg",LEO,SpaceX,"Success
",F9 B5,CCAFS,Success,4 May 2019,06:48
71,,Starlink,"13,620 kg",LEO,Canadian Space Agency,"Success
",F9 B5B1049.3,CCAFS,Success,24 May 2019,02:30
72,,RADARSAT Constellation,"4,200 kg",SSO,NASA,"Success
",F9 B5B1051.2,VAFB,Success,12 June 2019,14:17
73,,SpaceX CRS-18,"2,268 kg",LEO,Spacecom,"Success
",F9 B5B1056.2,CCAFS,No attempt,25 July 2019,22:01
74,,AMOS-17,"6,500 kg",GTO,SpaceX,"Success
",F9 B5B1047.3,CCAFS,Success,6 August 2019,23:23
75,,Starlink,"15,600 kg",LEO,NASA,"Success
",F9 B5,CCAFS,Success,11 November 2019,14:56
76,,SpaceX CRS-19,"2,617 kg",LEO,Sky Perfect JSAT,"Success
",F9 B5,CCAFS,Success,5 December 2019,17:29
77,,JCSat-18,"6,956 kg",GTO,SpaceX,"Success
",F9 B5B1056.3,CCAFS,Success,17 December 2019,00:10
78,,Starlink,"15,600 kg",LEO,NASA,"Success
",F9 B5,CCAFS,"No attempt
",7 January 2020,02:19:21
79,,Crew Dragon in-flight abort test,"12,050 kg",Sub-orbital,SpaceX,"Success
",F9 B5,KSC,Success,19 January 2020,15:30
80,,Starlink,"15,600 kg",LEO,SpaceX,"Success
",F9 B5,CCAFS,Failure,29 January 2020,14:07
81,,Starlink,"15,600 kg",LEO,NASA,"Success
",F9 B5,CCAFS,Success,17 February 2020,15:05
82,,SpaceX CRS-20,"1,977 kg",LEO,SpaceX,"Success
",F9 B5,CCAFS,Failure,7 March 2020,04:50
83,,Starlink,"15,600 kg",LEO,SpaceX,"Success
",F9 B5,KSC,Success,18 March 2020,12:16
84,,Starlink,"15,600 kg",LEO,NASA,"Success
",F9 B5,KSC,Success,22 April 2020,19:30
85,,Crew Dragon Demo-2,"12,530 kg",LEO,SpaceX,"Success
",F9 B5,KSC,Success,30 May 2020,19:22
86,,Starlink,"15,600 kg",LEO,SpaceX,"Success
",F9 B5,CCAFS,Success,4 June 2020,01:25
87,,Starlink,"15,410 kg",LEO,U.S. Space Force,"Success
",F9 B5,CCAFS,Success,13 June 2020,09:21
88,,GPS III,"4,311 kg",MEO,Republic of Korea Army,"Success
",F9 B5,CCAFS,Success,30 June 2020,20:10:46
89,,ANASIS-II,"5,000–6,000 kg",GTO,SpaceX,"Success
",F9 B5B1058.2,CCAFS,Success,20 July 2020,21:30
90,,Starlink,"14,932 kg",LEO,SpaceX,"Success
",F9 B5,KSC,Success,7 August 2020,05:12
91,,Starlink,"~15,440 kg",LEO,CONAE,"Success
",F9 B5B1049.6,CCAFS,Success,18 August 2020,14:31
92,,SAOCOM 1B,"3,130 kg",SSO,SpaceX,"Success
",F9 B5,CCAFS,Success,30 August 2020,23:18
93,,Starlink,"15,600 kg",LEO,SpaceX,"Success
",F9 B5B1060.2,KSC,Success,3 September 2020,12:46:14
94,,Starlink,"15,600 kg",LEO,SpaceX,"Success
",F9 B5B1058.3,KSC,Success,6 October 2020,11:29:34
95,,Starlink,"15,600 kg",LEO,SpaceX,"Success
",F9 B5B1051.6,KSC,Success,18 October 2020,12:25:57
96,,Starlink,"15,600 kg",LEO,USSF,"Success
",F9 B5,CCAFS,Success,24 October 2020,15:31:34
97,,GPS III,"4,311 kg",MEO,NASA,"Success
",F9 B5,CCAFS,Success,5 November 2020,23:24:23
98,,Crew-1,"~12,500 kg",LEO,NASA,"Success
",F9 B5,KSC,Success,16 November 2020,00:27
99,,Sentinel-6 Michael Freilich (Jason-CS A),"1,192 kg",LEO,SpaceX,"Success
",F9 B5,VAFB,Success,21 November 2020,17:17:08
100,,Starlink,"15,600 kg",LEO,NASA,"Success
",F9 B5 ♺,CCAFS,Success,25 November 2020,02:13
101,,SpaceX CRS-21,"2,972 kg",LEO,Sirius XM,"Success
",F9 B5 ♺,KSC,Success,6 December 2020,16:17:08
102,,SXM-7,"7,000 kg",GTO,NRO,"Success
",F9 B5 ♺,CCSFS,Success,13 December 2020,17:30:00
103,,NROL-108,C,LEO,Türksat,"Success
",F9 B5 ♺,KSC,Success,19 December 2020,14:00:00
104,,Türksat 5A,"3,500 kg",GTO,SpaceX,"Success
",F9 B5,CCSFS,Success,8 January 2021,02:15
105,,Starlink,"15,600 kg",LEO,SpaceX,"Success
",F9 B5B1051.8,KSC,Success,20 January 2021,13:02
106,,Transporter-1,"~5,000 kg",SSO,SpaceX,"Success
",F9 B5B1058.5,CCSFS,Success,24 January 2021,15:00
107,,Starlink,"15,600 kg",LEO,SpaceX,"Success
",F9 B5 ♺,CCSFS,Failure,4 February 2021,06:19
108,,Starlink,"15,600 kg",LEO,SpaceX,"Success
",F9 B5 ♺,CCSFS,Success,16 February 2021,03:59:37
109,,Starlink,"15,600 kg",LEO,SpaceX,"Success
",F9 B5 ♺,KSC,Success,4 March 2021,08:24
110,,Starlink,"15,600 kg",LEO,SpaceX,"Success
",F9 B5 ♺,CCSFS,Success,11 March 2021,08:13:29
111,,Starlink,"15,600 kg",LEO,SpaceX,"Success
",F9 B5 ♺,KSC,Success,14 March 2021,10:01
112,,Starlink,"15,600 kg",LEO,NASA,"Success
",F9 B5B1060.6,CCSFS,Success,24 March 2021,08:28
113,,Starlink,"15,600 kg",LEO,SpaceX,"Success
",F9 B5 ♺,CCSFS,Success,7 April 2021,16:34
114,,Crew-2,"~13,000 kg",LEO,SpaceX,"Success
",F9 B5B1061.2,KSC,Success,23 April 2021,9:49
115,,Starlink,"15,600 kg",LEO,SpaceX,"Success
",F9 B5B1060.7,CCSFS,Success,29 April 2021,03:44
116,,Starlink,"15,600 kg",LEO,SpaceX,"Success
",F9 B5B1049.9,KSC,Success,4 May 2021,19:01
117,,Starlink,"15,600 kg",LEO,SpaceX,"Success
",F9 B5B1051.10,CCSFS,Success,9 May 2021,06:42
118,,Starlink,"~14,000 kg",LEO,NASA,"Success
",F9 B5B1058.8,KSC,Success,15 May 2021,22:56
119,,Starlink,"15,600 kg",LEO,Sirius XM,"Success
",F9 B5B1063.2,CCSFS,Success,26 May 2021,18:59
120,,SpaceX CRS-22,"3,328 kg",LEO,,"Success
",F9 B5B1067.1,KSC,Success,3 June 2021,17:29
121,,SXM-8,"7,000 kg",GTO,,,F9 B5,CCSFS,,6 June 2021,04:26
